identifier,activity_id,participation_type,activity_role
B0001,2019-03-18-UKZN-ttt,in person,participant
B0002,2019-03-06-imf,in person,participant
B0003,2018-07-18-carpentry-workshop,in person,participant
B0004,2019-02-12-eConversation,online,participant
B0005,2018-07-11-carpentry-workshop,in person,helper
B0005,2018-07-18-carpentry-workshop,in person,participant
B0005,2018-10-31-carpentry-workshop,in person,helper
B0005,2019-01-24-instructor-meetup,online,participant
B0005,2019-02-28-instructor-meetup,online,participant
B0005,2019-03-12-econversation,online,participant
B0005,2019-02-12-eConversation,online,participant
B0005,2019-03-28-instructor-meetup,online,participant
B0006,2019-03-18-UKZN-ttt,in person,participant
B0007,2018-06-18-blended-learning-sig,in person,organiser
B0007,2019-03-12-econversation,online,participant
B0007,2019-02-12-eConversation,online,participant
B0007,2018-11-18-BlendedLearningSIG,in person,organiser
B0008,2018-04-06-carpentry-workshop,in person,participant
B0008,2018-04-20-econversation,online,participant
B0009,2018-07-26-instructor-meetup,online,participant
B0010,2018-11-18-BlendedLearningSIG,in person,participant
B0011,2019-02-12-eConversation,online,participant
B0012,2018-11-07-carpentry-workshop,in person,helper
B0012,2019-03-18-UKZN-ttt,in person,participant
B0012,2019-03-28-instructor-meetup,online,participant
B0013,2018-03-15-carpentry-workshop,in person,participant
B0014,2019-03-18-SPU,in person,participant
B0015,2019-03-06-imf,in person,instructor
B0016,2019-03-18-UKZN-ttt,in person,participant
B0016,2019-03-28-instructor-meetup,online,participant
B0017,2018-04-06-carpentry-workshop,in person,participant
B0018,2018-09-03-carpentry-workshop,in person,instructor
B0018,2018-09-03-CarpentryConnect-ttt,in person,participant
B0019,2018-09-03-carpentry-workshop,in person,participant
B0019,2018-09-03-CarpentryConnect-ttt,in person,participant
B0020,2018-04-20-econversation,online,participant
B0020,2018-05-24-instructor-meetup,online,participant
B0020,2018-11-13-carpentry-workshop,in person,instructor
B0021,2018-11-13-carpentry-workshop,in person,participant
B0022,2019-03-06-imf,in person,participant
B0023,2018-06-18-blended-learning-sig,in person,participant
B0024,2018-12-04-carpentry-workshop,in person,participant
B0025,2018-12-04-carpentry-workshop,in person,participant
B0026,2018-05-09-carpentry-workshop,in person,participant
B0027,2018-04-06-carpentry-workshop,in person,participant
B0027,2018-09-03-carpentry-workshop,in person,participant
B0027,2018-09-03-CarpentryConnect-ttt,in person,participant
B0028,2018-12-03-community-building,in person,participant
B0029,2018-02-21-ttt,in person,participant
B0029,2018-02-22-instructor-meetup,online,participant
B0030,2018-02-21-ttt,in person,participant
B0030,2018-02-22-instructor-meetup,online,participant
B0030,2018-09-03-carpentry-workshop,in person,helper
B0030,2019-01-30-carpentry-workshop,in person,helper
B0030,2018-07-27-econversation,online,participant
B0030,2019-02-12-eConversation,online,participant
B0031,2018-04-20-econversation,online,presenter
B0032,2019-03-06-imf,in person,participant
B0033,2018-06-18-blended-learning-sig,in person,participant
B0034,2018-03-15-carpentry-workshop,in person,helper
B0035,2018-02-21-ttt,in person,organiser
B0035,2018-02-22-instructor-meetup,online,host
B0035,2018-02-22-tf,in person,task force member
B0035,2018-03-20-online-mentoring,online,instructor
B0035,2018-03-23-econversation,online,presenter
B0035,2018-04-20-econversation,online,organiser
B0035,2018-04-26-instructor-meetup,online,host
B0035,2018-05-09-carpentry-workshop,online,organiser
B0035,2018-05-24-instructor-meetup,online,host
B0035,2018-05-25-econversation,online,organiser
B0035,2018-06-18-blended-learning-sig,in person,organiser
B0035,2018-07-11-carpentry-workshop,in person,instructor
B0035,2018-07-18-carpentry-workshop,online,organiser
B0035,2018-09-03-carpentry-workshop,in person,instructor
B0035,2018-09-03-CarpentryConnect-ttt,in person,instructor
B0035,2018-10-01-roadshow,in person,presenter
B0035,2018-10-31-carpentry-workshop,in person,instructor
B0035,2018-11-16-wc-community,in person,organiser
B0035,2018-12-04-carpentry-workshop,in person,instructor
B0035,2018-06-28-instructor-meetup,online,participant
B0035,2018-07-26-instructor-meetup,online,host
B0035,2018-08-23-instructor-meetup,online,host
B0035,2018-09-27-instructor-meetup,online,host
B0035,2018-10-25-instructor-meetup,online,host
B0035,2018-11-22-instructor-meetup,online,host
B0035,2019-01-24-instructor-meetup,online,participant
B0035,2019-02-28-instructor-meetup,online,host
B0035,2018-07-27-econversation,online,organiser
B0035,2019-03-01-econversation,online,organiser
B0035,2019-03-12-econversation,online,participant
B0035,2019-02-12-eConversation,online,participant
B0035,2018-11-18-BlendedLearningSIG,online,presenter
B0035,2019-03-18-SPU,NA,instructor
B0035,2019-03-28-instructor-meetup,online,organiser
B0036,2018-11-13-carpentry-workshop,in person,participant
B0037,2018-03-22-instructor-meetup,online,participant
B0037,2018-05-24-instructor-meetup,online,participant
B0037,2018-05-25-econversation,online,participant
B0037,2018-09-03-carpentry-workshop,in person,instructor
B0037,2018-12-03-community-building,in person,participant
B0037,2018-06-28-instructor-meetup,online,participant
B0037,2018-07-27-econversation,online,participant
B0038,2018-12-04-carpentry-workshop,in person,participant
B0039,2019-02-12-eConversation,online,participant
B0040,2018-03-15-carpentry-workshop,in person,participant
B0041,2018-10-31-carpentry-workshop,in person,participant
B0042,2018-05-09-carpentry-workshop,in person,participant
B0043,2018-01-15-network-design,in person,instructor
B0044,2018-10-31-carpentry-workshop,in person,participant
B0045,2018-02-21-ttt,in person,participant
B0045,2018-02-22-instructor-meetup,online,participant
B0045,2018-03-15-carpentry-workshop,in person,helper
B0045,2018-04-20-econversation,online,participant
B0045,2018-04-26-instructor-meetup,online,participant
B0045,2018-05-25-econversation,online,participant
B0045,2018-11-07-carpentry-workshop,in person,instructor
B0045,2018-11-16-wc-community,in person,participant
B0045,2018-08-23-instructor-meetup,online,participant
B0045,2018-10-25-instructor-meetup,online,participant
B0045,2019-01-24-instructor-meetup,online,participant
B0046,2019-02-12-eConversation,online,participant
B0047,2019-03-18-SPU,in person,participant
B0048,2018-11-13-carpentry-workshop,in person,participant
B0049,2019-02-12-eConversation,online,participant
B0050,2018-12-04-carpentry-workshop,in person,participant
B0051,2018-12-04-carpentry-workshop,in person,participant
B0052,2018-10-01-roadshow,in person,participant
B0053,2018-10-01-roadshow,in person,participant
B0053,2019-01-15-carpentry-workshop,in person,participant
B0054,2018-12-04-carpentry-workshop,in person,participant
B0055,2018-12-04-carpentry-workshop,in person,participant
B0056,2018-01-15-network-design,in person,participant
B0057,2019-01-30-carpentry-workshop,in person,participant
B0058,2018-10-31-carpentry-workshop,in person,participant
B0059,2018-03-23-econversation,online,participant
B0059,2019-02-28-instructor-meetup,online,participant
B0059,2019-03-18-SPU,NA,instructor
B0059,2019-03-28-instructor-meetup,online,participant
B0060,2018-11-12-carpentry-workshop,in person,participant
B0061,2018-03-15-carpentry-workshop,in person,participant
B0062,2018-09-03-carpentry-workshop,in person,participant
B0062,2018-09-03-CarpentryConnect-ttt,in person,participant
B0063,2018-07-18-carpentry-workshop,in person,participant
B0064,2018-11-13-carpentry-workshop,in person,participant
B0065,2018-12-04-carpentry-workshop,in person,participant
B0066,2018-01-15-network-design,in person,participant
B0066,2019-02-28-instructor-meetup,online,technical support
B0066,2019-03-01-econversation,online,technical support
B0066,2019-03-12-econversation,online,technical support
B0066,2019-02-12-eConversation,online,technical support
B0066,2019-03-18-UKZN-ttt,in person,participant
B0067,2019-03-18-SPU,in person,participant
B0068,2018-11-12-carpentry-workshop,in person,participant
B0069,2019-01-30-carpentry-workshop,in person,participant
B0070,2018-11-13-carpentry-workshop,in person,participant
B0071,2018-07-11-carpentry-workshop,in person,helper
B0071,2018-07-18-carpentry-workshop,in person,participant
B0071,2019-03-12-econversation,online,participant
B0071,2019-02-12-eConversation,online,participant
B0071,2019-03-28-instructor-meetup,online,participant
B0072,2018-09-03-carpentry-workshop,in person,participant
B0072,2018-09-03-CarpentryConnect-ttt,in person,participant
B0073,2019-01-30-carpentry-workshop,in person,participant
B0074,2018-01-15-network-design,in person,participant
B0075,2018-12-04-carpentry-workshop,in person,participant
B0076,2018-03-22-instructor-meetup,online,participant
B0076,2018-04-20-econversation,online,participant
B0076,2018-04-26-instructor-meetup,online,participant
B0076,2018-05-24-instructor-meetup,online,participant
B0076,2018-05-25-econversation,online,participant
B0076,2018-09-03-carpentry-workshop,in person,instructor
B0076,2019-01-30-carpentry-workshop,in person,participant
B0076,2018-06-28-instructor-meetup,online,participant
B0076,2018-07-26-instructor-meetup,online,participant
B0076,2018-08-23-instructor-meetup,online,participant
B0076,2018-09-27-instructor-meetup,online,participant
B0076,2018-10-25-instructor-meetup,online,participant
B0076,2019-01-24-instructor-meetup,online,participant
B0076,2019-03-12-econversation,online,participant
B0076,2019-02-12-eConversation,online,participant
B0076,2019-03-28-instructor-meetup,online,presenter
B0077,2018-03-15-carpentry-workshop,in person,participant
B0078,2019-01-30-carpentry-workshop,in person,participant
B0079,2018-04-20-econversation,online,participant
B0080,2018-12-04-carpentry-workshop,in person,participant
B0081,2018-12-04-carpentry-workshop,in person,participant
B0082,2018-07-18-carpentry-workshop,in person,participant
B0083,2018-06-18-blended-learning-sig,in person,participant
B0083,2018-09-03-carpentry-workshop,in person,participant
B0084,2018-10-31-carpentry-workshop,in person,participant
B0085,2018-12-04-carpentry-workshop,in person,participant
B0086,2018-01-15-network-design,in person,participant
B0087,2018-12-04-carpentry-workshop,in person,participant
B0088,2018-10-01-roadshow,in person,participant
B0089,2018-10-01-roadshow,in person,participant
B0090,2018-11-13-carpentry-workshop,in person,participant
B0091,2018-07-11-carpentry-workshop,in person,participant
B0092,2018-10-31-carpentry-workshop,in person,participant
B0093,2019-01-30-carpentry-workshop,in person,participant
B0094,2018-12-04-carpentry-workshop,in person,participant
B0095,2018-09-03-carpentry-workshop,in person,participant
B0096,2018-03-15-carpentry-workshop,in person,participant
B0097,2018-02-21-ttt,in person,participant
B0097,2018-02-22-instructor-meetup,online,participant
B0097,2018-03-22-instructor-meetup,online,participant
B0097,2018-04-06-carpentry-workshop,in person,instructor
B0098,2018-10-31-carpentry-workshop,in person,participant
B0099,2018-10-01-roadshow,in person,participant
B0100,2018-07-11-carpentry-workshop,in person,participant
B0101,2018-12-04-carpentry-workshop,in person,participant
B0102,2018-09-03-carpentry-workshop,in person,participant
B0103,2018-09-03-carpentry-workshop,in person,participant
B0103,2018-09-03-CarpentryConnect-ttt,in person,participant
B0103,2018-09-27-instructor-meetup,online,participant
B0103,2018-11-22-instructor-meetup,online,participant
B0103,2019-01-24-instructor-meetup,online,participant
B0103,2019-02-28-instructor-meetup,online,participant
B0103,2019-03-28-instructor-meetup,online,participant
B0104,2018-04-06-carpentry-workshop,in person,participant
B0105,2018-05-09-carpentry-workshop,in person,participant
B0105,2018-09-03-carpentry-workshop,in person,participant
B0106,2018-02-21-ttt,in person,instructor
B0106,2018-02-22-instructor-meetup,online,participant
B0106,2018-02-22-tf,in person,task force member
B0106,2018-03-20-online-mentoring,online,instructor
B0106,2018-03-22-instructor-meetup,online,participant
B0106,2018-04-06-carpentry-workshop,in person,instructor
B0106,2018-04-26-instructor-meetup,online,participant
B0106,2018-05-24-instructor-meetup,online,participant
B0106,2018-07-18-carpentry-workshop,in person,instructor
B0106,2018-09-03-CarpentryConnect-ttt,in person,instructor
B0106,2018-06-28-instructor-meetup,online,participant
B0106,2018-07-26-instructor-meetup,online,participant
B0106,2018-09-27-instructor-meetup,online,participant
B0106,2018-10-25-instructor-meetup,online,participant
B0106,2019-01-24-instructor-meetup,online,participant
B0106,2019-02-28-instructor-meetup,online,participant
B0106,2019-03-18-SPU,NA,instructor
B0106,2019-03-28-instructor-meetup,online,participant
B0107,2019-03-01-econversation,online,participant
B0108,2018-09-03-carpentry-workshop,in person,participant
B0108,2018-09-03-CarpentryConnect-ttt,in person,participant
B0108,2018-10-01-roadshow,in person,participant
B0108,2019-01-15-carpentry-workshop,in person,instructor
B0109,2018-05-25-econversation,online,participant
B0110,2018-05-25-econversation,online,participant
B0111,2018-09-03-carpentry-workshop,in person,participant
B0112,2018-11-13-carpentry-workshop,in person,participant
B0113,2018-10-31-carpentry-workshop,in person,participant
B0114,2019-03-06-imf,in person,participant
B0115,2019-02-12-eConversation,online,participant
B0116,2018-07-27-econversation,online,presenter
B0117,2018-05-25-econversation,online,participant
B0118,2019-03-06-imf,in person,participant
B0119,2019-03-06-imf,in person,participant
B0120,2018-11-12-carpentry-workshop,in person,participant
B0121,2018-11-12-carpentry-workshop,in person,participant
B0122,2018-12-04-carpentry-workshop,in person,participant
B0123,2018-04-06-carpentry-workshop,in person,participant
B0124,2018-07-18-carpentry-workshop,in person,participant
B0125,2018-07-11-carpentry-workshop,in person,participant
B0126,2019-03-06-imf,in person,participant
B0127,2019-01-24-instructor-meetup,online,participant
B0128,2018-09-03-carpentry-workshop,in person,participant
B0129,2018-09-03-carpentry-workshop,in person,participant
B0130,2018-06-18-blended-learning-sig,in person,participant
B0130,2019-03-12-econversation,online,participant
B0130,2019-02-12-eConversation,online,participant
B0130,2018-11-18-BlendedLearningSIG,in person,organiser
B0131,2018-09-03-carpentry-workshop,in person,participant
B0132,2018-04-06-carpentry-workshop,in person,participant
B0133,2018-12-04-carpentry-workshop,in person,participant
B0134,2018-09-03-carpentry-workshop,in person,participant
B0134,2018-09-03-CarpentryConnect-ttt,in person,participant
B0135,2019-02-12-eConversation,online,participant
B0136,2018-05-09-carpentry-workshop,in person,participant
B0137,2018-11-18-BlendedLearningSIG,in person,participant
B0138,2019-03-06-imf,in person,participant
B0139,2019-01-24-instructor-meetup,online,participant
B0140,2018-11-13-carpentry-workshop,in person,participant
B0141,2018-07-11-carpentry-workshop,in person,participant
B0142,2018-01-15-network-design,in person,instructor
B0143,2019-03-18-UKZN-ttt,in person,participant
B0144,2018-10-01-roadshow,in person,participant
B0144,2019-01-15-carpentry-workshop,in person,participant
B0145,2018-11-07-carpentry-workshop,in person,instructor
B0145,2018-11-12-carpentry-workshop,in person,instructor
B0145,2018-11-16-wc-community,in person,presenter
B0146,2018-10-01-roadshow,in person,participant
B0147,2018-11-07-carpentry-workshop,in person,participant
B0148,2018-10-01-roadshow,in person,participant
B0149,2018-10-31-carpentry-workshop,in person,participant
B0150,2018-09-03-CarpentryConnect-ttt,in person,participant
B0150,2018-10-01-roadshow,in person,participant
B0150,2018-12-04-carpentry-workshop,in person,participant
B0151,2018-12-04-carpentry-workshop,in person,participant
B0152,2018-09-03-carpentry-workshop,in person,participant
B0153,2018-11-18-BlendedLearningSIG,in person,participant
B0154,2018-12-04-carpentry-workshop,in person,participant
B0155,2018-12-04-carpentry-workshop,in person,participant
B0156,2018-07-11-carpentry-workshop,in person,participant
B0157,2018-09-03-carpentry-workshop,in person,participant
B0157,2018-09-03-CarpentryConnect-ttt,in person,participant
B0157,2018-07-27-econversation,online,participant
B0158,2019-03-01-econversation,online,presenter
B0159,2019-03-06-imf,in person,instructor
B0160,2018-10-31-carpentry-workshop,in person,participant
B0161,2019-02-12-eConversation,online,participant
B0162,2018-12-04-carpentry-workshop,in person,participant
B0163,2019-03-18-SPU,in person,participant
B0164,2018-11-13-carpentry-workshop,in person,participant
B0165,2018-10-31-carpentry-workshop,in person,participant
B0166,2019-03-18-SPU,in person,participant
B0167,2018-10-01-roadshow,in person,participant
B0168,2018-01-15-network-design,in person,participant
B0169,2018-03-15-carpentry-workshop,in person,participant
B0170,2018-11-13-carpentry-workshop,in person,participant
B0171,2018-09-03-carpentry-workshop,in person,participant
B0171,2018-09-03-CarpentryConnect-ttt,in person,participant
B0171,2018-12-03-community-building,in person,participant
B0171,2018-12-04-carpentry-workshop,in person,organiser
B0172,2018-01-15-network-design,in person,participant
B0173,2018-01-15-network-design,in person,participant
B0174,2019-03-18-SPU,NA,helper
B0175,2018-03-15-carpentry-workshop,in person,participant
B0176,2018-11-07-carpentry-workshop,in person,participant
B0177,2019-02-12-eConversation,online,participant
B0178,2018-03-15-carpentry-workshop,in person,participant
B0179,2019-03-12-econversation,online,participant
B0179,2019-02-12-eConversation,online,presenter
B0180,2018-03-15-carpentry-workshop,in person,participant
B0181,2019-03-06-imf,in person,participant
B0182,2018-06-18-blended-learning-sig,in person,participant
B0182,2018-11-18-BlendedLearningSIG,in person,participant
B0183,2018-02-21-ttt,in person,participant
B0183,2018-02-22-instructor-meetup,online,participant
B0183,2018-02-22-tf,in person,task force member
B0183,2018-03-20-online-mentoring,online,organiser
B0183,2018-03-22-instructor-meetup,online,host
B0183,2018-03-23-econversation,online,presenter
B0183,2018-04-20-econversation,online,organiser
B0183,2018-04-26-instructor-meetup,online,participant
B0183,2018-05-09-carpentry-workshop,online,organiser
B0183,2018-05-24-instructor-meetup,online,host
B0183,2018-06-28-instructor-meetup,online,participant
B0184,2018-02-21-ttt,in person,instructor
B0184,2018-02-22-instructor-meetup,online,participant
B0185,2018-07-11-carpentry-workshop,in person,participant
B0186,2018-04-06-carpentry-workshop,in person,participant
B0187,2019-03-18-SPU,in person,participant
B0188,2018-04-06-carpentry-workshop,in person,participant
B0189,2018-05-09-carpentry-workshop,in person,host
B0189,2019-03-28-instructor-meetup,online,participant
B0190,2018-11-18-BlendedLearningSIG,in person,participant
B0191,2019-03-18-SPU,in person,participant
B0192,2019-01-30-carpentry-workshop,in person,participant
B0193,2019-03-18-SPU,in person,participant
B0194,2019-03-18-SPU,in person,participant
B0195,2018-09-03-carpentry-workshop,in person,participant
B0196,2018-01-15-network-design,in person,participant
B0197,2018-11-13-carpentry-workshop,in person,participant
B0198,2018-07-11-carpentry-workshop,in person,participant
B0199,2018-02-21-ttt,in person,participant
B0199,2018-02-22-instructor-meetup,online,participant
B0200,2018-07-18-carpentry-workshop,in person,participant
B0201,2018-11-13-carpentry-workshop,in person,participant
B0202,2018-03-15-carpentry-workshop,in person,participant
B0203,2018-03-20-online-mentoring,online,participant
B0203,2018-03-23-econversation,online,participant
B0203,2018-04-26-instructor-meetup,online,participant
B0203,2018-05-09-carpentry-workshop,in person,instructor
B0203,2018-05-24-instructor-meetup,online,participant
B0203,2018-05-25-econversation,online,participant
B0203,2018-07-11-carpentry-workshop,in person,instructor
B0203,2018-09-03-carpentry-workshop,in person,helper
B0203,2018-11-12-carpentry-workshop,in person,instructor
B0203,2018-08-23-instructor-meetup,online,participant
B0203,2018-10-25-instructor-meetup,online,participant
B0203,2018-11-22-instructor-meetup,online,participant
B0203,2019-01-24-instructor-meetup,online,participant
B0203,2019-02-28-instructor-meetup,online,participant
B0204,2018-05-09-carpentry-workshop,in person,instructor
B0205,2018-11-13-carpentry-workshop,in person,participant
B0206,2019-01-30-carpentry-workshop,in person,participant
B0207,2019-03-01-econversation,online,participant
B0207,2019-03-12-econversation,online,participant
B0208,2018-10-31-carpentry-workshop,in person,participant
B0209,2018-06-18-blended-learning-sig,in person,participant
B0209,2019-03-12-econversation,online,participant
B0209,2019-02-12-eConversation,online,participant
B0209,2018-11-18-BlendedLearningSIG,in person,organiser
B0210,2018-04-06-carpentry-workshop,in person,participant
B0211,2018-11-18-BlendedLearningSIG,in person,participant
B0212,2018-03-15-carpentry-workshop,in person,participant
B0213,2018-03-15-carpentry-workshop,in person,participant
B0214,2018-03-15-carpentry-workshop,in person,instructor
B0214,2018-11-13-carpentry-workshop,in person,instructor
B0215,2018-07-11-carpentry-workshop,in person,participant
B0216,2018-06-18-blended-learning-sig,in person,participant
B0216,2018-11-18-BlendedLearningSIG,in person,participant
B0217,2018-03-15-carpentry-workshop,in person,participant
B0218,2019-02-12-eConversation,online,participant
B0219,2018-11-13-carpentry-workshop,in person,participant
B0220,2018-11-18-BlendedLearningSIG,in person,participant
B0221,2018-10-01-roadshow,in person,participant
B0222,2019-03-06-imf,in person,instructor
B0223,2018-01-15-network-design,in person,instructor
B0224,2019-03-06-imf,in person,participant
B0225,2018-01-15-network-design,in person,participant
B0226,2018-05-25-econversation,online,participant
B0227,2018-09-03-carpentry-workshop,in person,participant
B0227,2018-09-03-CarpentryConnect-ttt,in person,participant
B0227,2018-10-31-carpentry-workshop,in person,helper
B0228,2019-02-12-eConversation,online,participant
B0229,2018-06-18-blended-learning-sig,in person,participant
B0229,2018-11-18-BlendedLearningSIG,in person,participant
B0230,2018-09-03-carpentry-workshop,in person,participant
B0231,2019-01-15-carpentry-workshop,in person,participant
B0232,2018-05-09-carpentry-workshop,in person,participant
B0232,2018-09-03-carpentry-workshop,in person,participant
B0233,2018-06-18-blended-learning-sig,in person,participant
B0234,2019-02-12-eConversation,online,participant
B0235,2018-05-09-carpentry-workshop,in person,participant
B0236,2018-02-22-instructor-meetup,online,participant
B0236,2018-04-26-instructor-meetup,online,participant
B0236,2018-05-24-instructor-meetup,online,participant
B0236,2018-06-28-instructor-meetup,online,participant
B0236,2018-07-26-instructor-meetup,online,participant
B0236,2018-08-23-instructor-meetup,online,participant
B0236,2019-01-24-instructor-meetup,online,participant
B0237,2018-11-13-carpentry-workshop,in person,participant
B0238,2018-10-01-roadshow,in person,participant
B0239,2018-11-07-carpentry-workshop,in person,participant
B0240,2018-07-18-carpentry-workshop,in person,participant
B0241,2018-09-03-carpentry-workshop,in person,participant
B0242,2018-11-12-carpentry-workshop,in person,participant
B0243,2018-07-18-carpentry-workshop,in person,participant
B0244,2018-10-31-carpentry-workshop,in person,participant
B0245,2018-09-03-carpentry-workshop,in person,participant
B0246,2019-03-06-imf,in person,participant
B0247,2018-05-09-carpentry-workshop,in person,instructor
B0248,2018-11-13-carpentry-workshop,in person,participant
B0249,2018-12-04-carpentry-workshop,in person,participant
B0250,2018-11-12-carpentry-workshop,in person,participant
B0251,2018-09-03-carpentry-workshop,in person,participant
B0252,2018-10-31-carpentry-workshop,in person,participant
B0252,2018-11-18-BlendedLearningSIG,in person,participant
B0253,2018-04-06-carpentry-workshop,in person,participant
B0254,2018-11-07-carpentry-workshop,in person,participant
B0254,2019-03-18-UKZN-ttt,in person,participant
B0255,2018-07-18-carpentry-workshop,in person,participant
B0256,2018-01-15-network-design,in person,participant
B0257,2019-03-06-imf,in person,participant
B0258,2019-03-06-imf,in person,participant
B0259,2018-03-15-carpentry-workshop,in person,participant
B0260,2018-05-09-carpentry-workshop,in person,participant
B0261,2019-03-18-UKZN-ttt,in person,participant
B0262,2018-05-25-econversation,online,participant
B0263,2018-11-12-carpentry-workshop,in person,participant
B0264,2018-11-12-carpentry-workshop,in person,participant
B0265,2018-03-15-carpentry-workshop,in person,participant
B0266,2018-05-24-instructor-meetup,online,participant
B0266,2018-12-03-community-building,in person,participant
B0266,2018-12-04-carpentry-workshop,in person,instructor
B0266,2019-02-28-instructor-meetup,online,participant
B0267,2018-11-13-carpentry-workshop,in person,participant
B0268,2018-01-15-network-design,in person,participant
B0269,2018-11-12-carpentry-workshop,in person,participant
B0270,2018-04-20-econversation,online,participant
B0271,2018-02-21-ttt,in person,participant
B0271,2018-02-22-instructor-meetup,online,participant
B0272,2019-03-18-UKZN-ttt,in person,participant
B0273,2018-11-12-carpentry-workshop,in person,participant
B0274,2018-11-12-carpentry-workshop,in person,participant
B0275,2019-02-12-eConversation,online,participant
B0276,2019-02-12-eConversation,online,participant
B0277,2018-10-01-roadshow,in person,participant
B0278,2018-05-24-instructor-meetup,online,participant
B0279,2018-09-03-carpentry-workshop,in person,participant
B0279,2018-09-03-CarpentryConnect-ttt,in person,participant
B0280,2018-09-03-carpentry-workshop,in person,participant
B0280,2018-10-01-roadshow,in person,participant
B0281,2018-07-27-econversation,online,presenter
B0282,2018-01-15-network-design,in person,participant
B0283,2018-07-27-econversation,online,participant
B0284,2019-01-15-carpentry-workshop,in person,participant
B0285,2018-02-22-instructor-meetup,online,participant
B0285,2018-02-22-tf,in person,task force member
B0285,2018-03-22-instructor-meetup,online,host
B0285,2018-04-26-instructor-meetup,online,participant
B0285,2018-05-09-carpentry-workshop,online,organiser
B0285,2018-09-03-carpentry-workshop,in person,instructor
B0285,2018-07-26-instructor-meetup,online,participant
B0286,2018-09-03-CarpentryConnect-ttt,in person,participant
B0287,2019-03-06-imf,in person,participant
B0288,2018-03-23-econversation,online,participant
B0288,2018-05-25-econversation,online,participant
B0288,2019-02-12-eConversation,online,presenter
B0289,2019-03-18-SPU,in person,participant
B0290,2019-03-18-SPU,in person,participant
B0291,2018-09-03-carpentry-workshop,in person,participant
B0291,2018-09-03-CarpentryConnect-ttt,in person,participant
B0292,2018-06-18-blended-learning-sig,in person,participant
B0293,2018-11-07-carpentry-workshop,in person,participant
B0294,2018-02-21-ttt,in person,participant
B0294,2018-02-22-instructor-meetup,online,participant
B0295,2018-02-22-instructor-meetup,online,participant
B0295,2018-02-22-tf,in person,task force member
B0295,2018-03-15-carpentry-workshop,in person,instructor
B0295,2018-03-20-online-mentoring,online,instructor
B0295,2018-04-20-econversation,online,presenter
B0295,2018-04-26-instructor-meetup,online,participant
B0295,2018-05-24-instructor-meetup,online,participant
B0295,2018-05-25-econversation,online,participant
B0295,2018-09-03-carpentry-workshop,in person,instructor
B0295,2018-12-03-community-building,in person,organiser
B0295,2019-01-15-carpentry-workshop,in person,instructor
B0295,2019-01-30-carpentry-workshop,in person,instructor
B0295,2018-06-28-instructor-meetup,online,host
B0295,2018-07-26-instructor-meetup,online,participant
B0295,2018-10-25-instructor-meetup,online,participant
B0295,2019-01-24-instructor-meetup,online,host
B0295,2019-02-28-instructor-meetup,online,participant
B0295,2019-03-01-econversation,online,participant
B0295,2019-03-12-econversation,online,organiser
B0295,2019-02-12-eConversation,online,organiser
B0295,2019-03-18-UKZN-ttt,in person,instructor
B0295,2019-03-28-instructor-meetup,online,host
B0296,2018-02-22-instructor-meetup,online,participant
B0296,2018-02-22-tf,in person,task force member
B0296,2018-03-15-carpentry-workshop,in person,instructor
B0296,2018-03-20-online-mentoring,online,instructor
B0296,2018-04-26-instructor-meetup,online,participant
B0296,2018-05-24-instructor-meetup,online,participant
B0296,2018-09-03-carpentry-workshop,in person,instructor
B0296,2018-10-25-instructor-meetup,online,participant
B0296,2018-11-22-instructor-meetup,online,participant
B0296,2018-07-27-econversation,online,participant
B0297,2018-11-12-carpentry-workshop,in person,participant
B0298,2018-07-18-carpentry-workshop,in person,participant
B0298,2018-10-31-carpentry-workshop,in person,helper
B0298,2019-01-24-instructor-meetup,online,participant
B0298,2019-02-28-instructor-meetup,online,participant
B0298,2019-02-12-eConversation,online,participant
B0298,2019-03-18-SPU,NA,instructor
B0298,2019-03-28-instructor-meetup,online,participant
B0299,2018-11-12-carpentry-workshop,in person,participant
B0300,2018-09-03-carpentry-workshop,in person,participant
B0301,2019-03-06-imf,in person,participant
B0302,2018-07-18-carpentry-workshop,in person,participant
B0303,2018-12-04-carpentry-workshop,in person,participant
B0304,2018-12-04-carpentry-workshop,in person,participant
B0305,2018-12-04-carpentry-workshop,in person,participant
B0306,2018-04-20-econversation,online,participant
B0306,2018-05-09-carpentry-workshop,in person,helper
B0306,2018-10-01-roadshow,in person,participant
B0306,2018-11-12-carpentry-workshop,in person,helper
B0306,2019-01-30-carpentry-workshop,in person,helper
B0306,2019-02-28-instructor-meetup,online,participant
B0306,2019-02-12-eConversation,online,participant
B0307,2018-07-18-carpentry-workshop,in person,participant
B0308,2018-12-03-community-building,in person,participant
B0308,2019-03-18-UKZN-ttt,in person,participant
B0309,2018-01-15-network-design,in person,participant
B0310,2018-11-18-BlendedLearningSIG,in person,participant
B0311,2019-03-18-SPU,in person,participant
B0312,2018-03-15-carpentry-workshop,in person,participant
B0313,2018-07-18-carpentry-workshop,in person,participant
B0314,2018-05-09-carpentry-workshop,in person,participant
B0315,2018-09-03-carpentry-workshop,in person,participant
B0316,2018-07-11-carpentry-workshop,in person,participant
B0317,2018-11-13-carpentry-workshop,in person,participant
B0318,2018-11-13-carpentry-workshop,in person,participant
B0319,2018-09-03-carpentry-workshop,in person,helper
B0320,2018-05-25-econversation,online,participant
B0321,2018-10-31-carpentry-workshop,in person,participant
B0322,2019-03-18-SPU,in person,participant
B0323,2018-06-18-blended-learning-sig,in person,participant
B0324,2018-01-15-network-design,in person,participant
B0324,2018-06-18-blended-learning-sig,in person,participant
B0324,2018-09-03-carpentry-workshop,in person,participant
B0324,2018-09-03-CarpentryConnect-ttt,in person,participant
B0324,2018-11-13-carpentry-workshop,in person,helper
B0324,2019-01-30-carpentry-workshop,in person,instructor
B0324,2019-02-28-instructor-meetup,online,participant
B0324,2018-11-18-BlendedLearningSIG,in person,participant
B0325,2019-01-30-carpentry-workshop,in person,participant
B0326,2018-02-22-instructor-meetup,online,participant
B0326,2018-02-22-tf,in person,task force member
B0326,2018-03-20-online-mentoring,online,instructor
B0326,2018-03-22-instructor-meetup,online,participant
B0326,2018-11-13-carpentry-workshop,in person,instructor
B0326,2018-07-26-instructor-meetup,online,participant
B0326,2018-11-22-instructor-meetup,online,participant
B0326,2019-03-28-instructor-meetup,online,participant
B0327,2018-07-11-carpentry-workshop,in person,participant
B0328,2018-05-25-econversation,online,participant
B0329,2018-04-20-econversation,online,participant
B0330,2018-09-03-carpentry-workshop,in person,participant
B0331,2019-02-12-eConversation,online,participant
B0332,2018-10-31-carpentry-workshop,in person,participant
B0333,2019-03-18-SPU,in person,participant
B0334,2018-03-15-carpentry-workshop,in person,participant
B0335,2018-07-11-carpentry-workshop,in person,participant
B0336,2018-07-27-econversation,online,participant
B0337,2018-11-18-BlendedLearningSIG,in person,participant
B0338,2018-06-18-blended-learning-sig,in person,participant
B0339,2018-03-15-carpentry-workshop,in person,participant
B0340,2018-05-25-econversation,online,participant
B0341,2018-03-15-carpentry-workshop,in person,participant
B0342,2018-07-11-carpentry-workshop,in person,participant
B0343,2019-01-30-carpentry-workshop,in person,participant
B0344,2018-12-04-carpentry-workshop,in person,participant
B0345,2018-12-04-carpentry-workshop,in person,participant
B0346,2018-10-01-roadshow,in person,participant
B0347,2018-05-09-carpentry-workshop,in person,participant
B0348,2019-02-12-eConversation,online,participant
B0349,2019-01-30-carpentry-workshop,in person,participant
B0350,2018-09-03-carpentry-workshop,in person,participant
B0351,2018-07-27-econversation,online,participant
B0352,2019-03-01-econversation,online,participant
B0353,2018-12-04-carpentry-workshop,in person,participant
B0354,2018-09-03-carpentry-workshop,in person,participant
B0355,2019-03-06-imf,in person,participant
B0356,2018-03-15-carpentry-workshop,in person,participant
B0357,2018-11-18-BlendedLearningSIG,in person,participant
B0358,2019-01-15-carpentry-workshop,in person,participant
B0359,2018-12-04-carpentry-workshop,in person,participant
B0360,2018-10-01-roadshow,in person,participant
B0361,2018-12-04-carpentry-workshop,in person,participant
B0362,2018-09-03-carpentry-workshop,in person,participant
B0363,2018-02-21-ttt,in person,participant
B0363,2018-02-22-instructor-meetup,online,participant
B0364,2018-04-06-carpentry-workshop,in person,participant
B0365,2019-03-18-SPU,in person,participant
B0366,2018-11-18-BlendedLearningSIG,in person,participant
B0367,2018-09-03-carpentry-workshop,in person,participant
B0368,2018-11-18-BlendedLearningSIG,in person,participant
B0369,2018-05-24-instructor-meetup,online,participant
B0370,2018-11-18-BlendedLearningSIG,in person,participant
B0371,2019-03-18-SPU,in person,participant
B0372,2019-01-30-carpentry-workshop,in person,participant
B0373,2019-02-12-eConversation,online,participant
B0374,2019-03-18-UKZN-ttt,in person,instructor
B0375,2018-10-01-roadshow,in person,participant
B0376,2018-09-03-carpentry-workshop,in person,participant
B0376,2018-09-03-CarpentryConnect-ttt,in person,participant
B0377,2019-01-24-instructor-meetup,online,participant
B0377,2019-02-28-instructor-meetup,online,presenter
B0378,2019-02-12-eConversation,online,participant
B0379,2018-09-03-carpentry-workshop,in person,participant
B0380,2018-10-31-carpentry-workshop,in person,participant
B0381,2019-02-12-eConversation,online,participant
B0382,2018-11-18-BlendedLearningSIG,online,presenter
B0383,2018-12-03-community-building,in person,participant
B0384,2019-02-12-eConversation,online,participant
B0385,2018-05-25-econversation,online,participant
B0386,2018-11-18-BlendedLearningSIG,in person,participant
B0387,2018-09-03-carpentry-workshop,in person,participant
B0387,2018-09-03-CarpentryConnect-ttt,in person,participant
B0387,2018-11-16-wc-community,in person,participant
B0387,2018-11-22-instructor-meetup,online,participant
B0388,2018-07-27-econversation,online,participant
B0389,2018-02-21-ttt,in person,instructor
B0389,2018-02-22-instructor-meetup,online,participant
B0389,2018-03-22-instructor-meetup,online,participant
B0389,2018-07-18-carpentry-workshop,in person,instructor
B0389,2019-02-12-eConversation,online,participant
B0390,2018-04-20-econversation,online,participant
B0390,2018-11-13-carpentry-workshop,in person,instructor
B0390,2019-01-24-instructor-meetup,online,participant
B0391,2018-10-31-carpentry-workshop,in person,participant
B0392,2018-11-12-carpentry-workshop,in person,participant
B0393,2018-10-01-roadshow,in person,participant
B0394,2019-03-18-SPU,in person,participant
B0395,2018-10-01-roadshow,in person,participant
B0396,2019-03-18-UKZN-ttt,in person,participant
B0396,2019-03-28-instructor-meetup,online,participant
B0397,2018-07-18-carpentry-workshop,in person,participant
B0398,2018-12-04-carpentry-workshop,in person,participant
B0399,2018-03-15-carpentry-workshop,in person,participant
B0400,2019-02-12-eConversation,online,participant
B0401,2019-01-15-carpentry-workshop,in person,participant
B0402,2018-05-25-econversation,online,participant
B0403,2018-12-04-carpentry-workshop,in person,participant
B0404,2019-03-06-imf,in person,participant
B0405,2018-11-13-carpentry-workshop,in person,participant
B0406,2018-04-06-carpentry-workshop,in person,participant
B0407,2019-01-15-carpentry-workshop,in person,participant
B0408,2019-01-15-carpentry-workshop,in person,participant
B0409,2019-03-18-SPU,in person,participant
B0410,2018-12-04-carpentry-workshop,in person,participant
B0411,2019-01-24-instructor-meetup,online,participant
B0411,2019-02-28-instructor-meetup,online,participant
B0411,2019-03-28-instructor-meetup,online,participant
B0412,2018-10-01-roadshow,in person,participant
B0413,2019-02-12-eConversation,online,participant
B0414,2018-11-07-carpentry-workshop,in person,participant
B0415,2019-03-18-SPU,in person,participant
B0416,2018-01-15-network-design,in person,participant
B0417,2018-07-11-carpentry-workshop,in person,participant
B0418,2018-09-03-carpentry-workshop,in person,participant
B0419,2018-09-03-carpentry-workshop,in person,participant
B0420,2018-09-03-carpentry-workshop,in person,instructor
B0421,2018-09-03-carpentry-workshop,in person,participant
B0422,2018-12-04-carpentry-workshop,in person,participant
B0423,2018-09-03-carpentry-workshop,in person,participant
B0423,2018-11-18-BlendedLearningSIG,in person,participant
B0424,2018-09-03-carpentry-workshop,in person,participant
B0424,2018-09-03-CarpentryConnect-ttt,in person,participant
B0424,2018-07-27-econversation,online,participant
B0425,2018-12-04-carpentry-workshop,in person,participant
B0426,2018-09-03-carpentry-workshop,in person,participant
B0426,2018-09-03-CarpentryConnect-ttt,in person,participant
B0427,2018-09-03-carpentry-workshop,in person,participant
B0428,2019-03-12-econversation,online,participant
B0429,2018-12-04-carpentry-workshop,in person,participant
B0430,2018-02-21-ttt,in person,participant
B0430,2018-02-22-instructor-meetup,online,participant
B0431,2018-09-03-carpentry-workshop,in person,helper
B0431,2019-01-15-carpentry-workshop,in person,instructor
B0432,2019-01-30-carpentry-workshop,in person,participant
B0433,2018-02-21-ttt,in person,participant
B0433,2018-02-22-instructor-meetup,online,participant
B0433,2018-11-16-wc-community,in person,participant
B0434,2018-10-31-carpentry-workshop,in person,participant
B0435,2019-03-18-UKZN-ttt,in person,participant
B0435,2019-03-28-instructor-meetup,online,participant
B0436,2018-02-21-ttt,in person,participant
B0436,2018-02-22-instructor-meetup,online,participant
B0436,2018-03-20-online-mentoring,online,participant
B0436,2018-03-22-instructor-meetup,online,participant
B0436,2018-03-23-econversation,online,participant
B0436,2018-07-18-carpentry-workshop,in person,instructor
B0436,2018-10-31-carpentry-workshop,in person,instructor
B0436,2019-01-24-instructor-meetup,online,participant
B0436,2019-02-28-instructor-meetup,online,participant
B0436,2019-02-12-eConversation,online,participant
B0436,2019-03-28-instructor-meetup,online,participant
B0437,2018-07-18-carpentry-workshop,in person,participant
B0438,2018-12-04-carpentry-workshop,in person,participant
B0439,2018-12-04-carpentry-workshop,in person,participant
B0440,2018-10-01-roadshow,in person,participant
B0441,2018-10-01-roadshow,in person,participant
B0442,2018-10-01-roadshow,in person,participant
B0443,2018-03-15-carpentry-workshop,in person,participant
B0444,2018-09-03-carpentry-workshop,in person,participant
B0445,2018-12-04-carpentry-workshop,in person,participant
B0446,2018-11-13-carpentry-workshop,in person,participant
B0447,2018-11-13-carpentry-workshop,in person,participant
B0448,2019-03-18-SPU,in person,participant
B0449,2018-04-06-carpentry-workshop,in person,participant
B0450,2018-09-03-carpentry-workshop,in person,participant
B0450,2018-09-03-CarpentryConnect-ttt,in person,participant
B0451,2018-11-13-carpentry-workshop,in person,participant
B0452,2018-09-03-CarpentryConnect-ttt,in person,participant
B0452,2018-10-01-roadshow,in person,participant
B0452,2018-12-03-community-building,in person,participant
B0452,2018-12-04-carpentry-workshop,in person,participant
B0453,2018-11-18-BlendedLearningSIG,in person,presenter
B0454,2018-12-04-carpentry-workshop,in person,participant
B0455,2018-06-18-blended-learning-sig,in person,participant
B0456,2018-09-03-carpentry-workshop,in person,participant
B0456,2018-09-03-CarpentryConnect-ttt,in person,participant
B0457,2018-09-03-carpentry-workshop,in person,participant
B0458,2018-07-27-econversation,online,participant
B0459,2019-01-30-carpentry-workshop,in person,participant
B0460,2019-03-18-UKZN-ttt,in person,participant
B0461,2019-03-18-UKZN-ttt,in person,participant
B0461,2019-03-28-instructor-meetup,online,participant
B0462,2018-11-07-carpentry-workshop,in person,participant
B0463,2018-09-03-carpentry-workshop,in person,participant
B0463,2018-09-03-CarpentryConnect-ttt,in person,participant
B0463,2018-11-18-BlendedLearningSIG,in person,participant
B0464,2018-11-13-carpentry-workshop,in person,participant
B0465,2018-01-15-network-design,in person,participant
B0466,2018-11-12-carpentry-workshop,in person,participant
B0466,2019-03-18-UKZN-ttt,in person,participant
B0467,2018-10-01-roadshow,in person,participant
B0468,2018-10-01-roadshow,in person,participant
B0469,2018-12-04-carpentry-workshop,in person,participant
B0470,2019-03-12-econversation,online,presenter
B0471,2019-01-15-carpentry-workshop,in person,participant
B0471,2019-03-18-UKZN-ttt,in person,participant
B0472,2018-09-03-carpentry-workshop,in person,participant
B0472,2018-09-03-CarpentryConnect-ttt,in person,participant
B0473,2018-05-09-carpentry-workshop,in person,participant
B0474,2018-12-04-carpentry-workshop,in person,participant
B0475,2018-09-03-carpentry-workshop,in person,participant
B0476,2018-12-04-carpentry-workshop,in person,participant
B0477,2019-03-01-econversation,online,participant
B0478,2018-01-15-network-design,in person,participant
B0479,2018-07-18-carpentry-workshop,in person,participant
B0480,2018-11-18-BlendedLearningSIG,in person,participant
B0481,2018-03-15-carpentry-workshop,in person,participant
B0482,2018-12-04-carpentry-workshop,in person,participant
B0483,2018-02-21-ttt,in person,participant
B0483,2018-02-22-instructor-meetup,online,participant
B0483,2018-03-15-carpentry-workshop,in person,participant
B0483,2018-09-03-carpentry-workshop,in person,instructor
B0484,2018-12-04-carpentry-workshop,in person,participant
B0485,2018-12-03-community-building,in person,participant
B0486,2019-02-12-eConversation,online,participant
B0487,2018-07-11-carpentry-workshop,in person,participant
B0488,2018-12-04-carpentry-workshop,in person,participant
B0489,2019-03-18-UKZN-ttt,in person,participant
B0490,2018-10-31-carpentry-workshop,in person,participant
B0491,2018-12-04-carpentry-workshop,in person,participant
B0492,2018-12-04-carpentry-workshop,in person,participant
B0493,2018-12-04-carpentry-workshop,in person,participant
B0494,2019-01-30-carpentry-workshop,in person,participant
B0495,2018-11-12-carpentry-workshop,in person,participant
B0496,2018-09-03-carpentry-workshop,in person,participant
B0497,2018-09-03-carpentry-workshop,in person,participant
B0498,2018-11-18-BlendedLearningSIG,in person,participant
B0499,2018-12-04-carpentry-workshop,in person,participant
B0500,2018-10-01-roadshow,in person,participant
B0501,2018-03-15-carpentry-workshop,in person,participant
B0502,2018-10-01-roadshow,in person,participant
B0503,2018-12-04-carpentry-workshop,in person,participant
B0504,2019-01-30-carpentry-workshop,in person,participant
B0505,2018-10-01-roadshow,in person,participant
B0506,2018-05-09-carpentry-workshop,in person,participant
B0507,2018-10-01-roadshow,in person,participant
B0508,2018-12-04-carpentry-workshop,in person,participant
B0509,2018-10-01-roadshow,in person,participant
B0510,2018-10-01-roadshow,in person,participant
B0511,2018-07-27-econversation,online,participant
B0512,2018-10-01-roadshow,in person,participant
B0513,2018-10-01-roadshow,in person,participant
B0514,2019-03-18-UKZN-ttt,in person,participant
B0515,2018-09-03-carpentry-workshop,in person,participant
B0516,2019-03-18-SPU,in person,participant
B0517,2018-04-20-econversation,online,participant
B0518,2019-03-18-UKZN-ttt,in person,participant
B0519,2018-04-06-carpentry-workshop,in person,participant
B0520,2018-11-12-carpentry-workshop,in person,participant
B0521,2018-11-13-carpentry-workshop,in person,participant
B0522,2018-10-31-carpentry-workshop,in person,participant
B0523,2018-03-20-online-mentoring,online,participant
B0523,2018-03-23-econversation,online,participant
B0523,2018-05-24-instructor-meetup,online,participant
B0524,2019-03-18-UKZN-ttt,in person,participant
B0525,2019-03-18-UKZN-ttt,in person,participant
B0526,2018-03-15-carpentry-workshop,in person,participant
B0527,2018-07-18-carpentry-workshop,in person,participant
B0528,2018-12-03-community-building,in person,participant
B0528,2019-03-18-UKZN-ttt,in person,participant
B0529,2019-03-12-econversation,online,participant
B0530,2018-11-12-carpentry-workshop,in person,participant
B0531,2018-07-18-carpentry-workshop,in person,participant
B0532,2019-03-06-imf,in person,participant
B0533,2018-12-04-carpentry-workshop,in person,participant
B0534,2019-01-15-carpentry-workshop,in person,participant
B0535,2019-02-12-eConversation,online,participant
B0536,2018-11-12-carpentry-workshop,in person,participant
B0537,2018-05-09-carpentry-workshop,in person,participant
B0538,2018-10-01-roadshow,in person,participant
B0539,2018-05-09-carpentry-workshop,in person,participant
B0540,2018-09-03-carpentry-workshop,in person,participant
B0541,2018-12-04-carpentry-workshop,in person,participant
B0542,2018-03-15-carpentry-workshop,in person,participant
B0543,2018-01-15-network-design,in person,instructor
B0544,2018-11-07-carpentry-workshop,in person,participant
B0545,2018-11-13-carpentry-workshop,in person,participant
B0546,2018-11-13-carpentry-workshop,in person,participant
B0547,2018-07-18-carpentry-workshop,in person,participant
B0548,2018-11-12-carpentry-workshop,in person,participant
B0549,2018-04-06-carpentry-workshop,in person,organiser
B0549,2018-05-24-instructor-meetup,online,participant
B0549,2018-11-16-wc-community,in person,participant
B0549,2018-08-23-instructor-meetup,online,participant
B0549,2018-10-25-instructor-meetup,online,participant
B0549,2018-11-22-instructor-meetup,online,participant
B0549,2019-01-24-instructor-meetup,online,participant
B0549,2019-02-28-instructor-meetup,online,participant
B0549,2019-03-28-instructor-meetup,online,participant
B0550,2018-07-11-carpentry-workshop,in person,participant
B0551,2018-10-01-roadshow,in person,participant
B0552,2019-01-30-carpentry-workshop,in person,participant
B0553,2018-09-03-carpentry-workshop,in person,participant
B0553,2018-09-03-CarpentryConnect-ttt,in person,participant
B0553,2018-07-27-econversation,online,participant
B0554,2018-11-07-carpentry-workshop,in person,participant
B0555,2018-10-31-carpentry-workshop,in person,participant
B0556,2018-10-31-carpentry-workshop,in person,participant
B0557,2018-10-01-roadshow,in person,participant
B0558,2018-11-12-carpentry-workshop,in person,participant
B0559,2018-12-04-carpentry-workshop,in person,participant
B0560,2018-09-03-carpentry-workshop,in person,participant
B0560,2018-10-01-roadshow,in person,participant
B0561,2018-12-04-carpentry-workshop,in person,participant
B0562,2018-12-04-carpentry-workshop,in person,participant
B0563,2018-12-04-carpentry-workshop,in person,instructor
B0564,2019-03-06-imf,in person,participant
B0565,2018-11-13-carpentry-workshop,in person,participant
B0566,2018-10-01-roadshow,in person,participant
B0567,2019-02-12-eConversation,online,participant
B0568,2018-03-15-carpentry-workshop,in person,participant
B0569,2018-11-18-BlendedLearningSIG,in person,participant
B0570,2018-10-01-roadshow,in person,participant
B0571,2018-11-12-carpentry-workshop,in person,participant
B0572,2018-12-04-carpentry-workshop,in person,participant
B0573,2018-04-06-carpentry-workshop,in person,participant
B0574,2018-11-12-carpentry-workshop,in person,participant
B0575,2018-07-18-carpentry-workshop,in person,participant
B0576,2018-07-11-carpentry-workshop,in person,participant
B0577,2018-01-15-network-design,in person,participant
B0578,2018-12-04-carpentry-workshop,in person,participant
B0579,2019-03-18-SPU,in person,participant
B0580,2019-02-12-eConversation,online,participant
B0581,2018-07-11-carpentry-workshop,in person,instructor
B0582,2018-04-06-carpentry-workshop,in person,participant
B0583,2018-09-03-carpentry-workshop,in person,participant
B0583,2018-09-03-CarpentryConnect-ttt,in person,participant
B0583,2019-02-28-instructor-meetup,online,participant
B0583,2019-02-12-eConversation,online,participant
B0584,2018-12-04-carpentry-workshop,in person,participant
B0585,2018-01-15-network-design,in person,participant
B0586,2018-09-03-carpentry-workshop,in person,participant
B0586,2018-09-03-CarpentryConnect-ttt,in person,participant
B0587,2018-09-03-carpentry-workshop,in person,participant
B0587,2018-09-03-CarpentryConnect-ttt,in person,participant
B0587,2018-10-01-roadshow,in person,participant
B0587,2018-12-03-community-building,in person,organiser
B0587,2018-11-22-instructor-meetup,online,participant
B0587,2019-03-12-econversation,online,participant
B0588,2019-03-18-UKZN-ttt,in person,participant
B0589,2018-09-03-carpentry-workshop,in person,helper
B0590,2018-02-21-ttt,in person,participant
B0590,2018-02-22-instructor-meetup,online,participant
B0590,2018-07-27-econversation,online,participant
B0590,2019-02-12-eConversation,online,participant
B0591,2018-07-11-carpentry-workshop,in person,helper
B0591,2018-07-18-carpentry-workshop,in person,participant
B0591,2018-10-31-carpentry-workshop,in person,helper
B0592,2018-09-03-carpentry-workshop,in person,participant
B0592,2018-09-03-CarpentryConnect-ttt,in person,participant
B0593,2019-03-06-imf,in person,participant
B0594,2018-07-11-carpentry-workshop,in person,participant
B0595,2018-04-06-carpentry-workshop,in person,participant
B0596,2018-03-15-carpentry-workshop,in person,helper
B0596,2018-03-22-instructor-meetup,online,participant
B0596,2018-09-03-carpentry-workshop,in person,instructor
B0596,2019-03-18-UKZN-ttt,in person,instructor
B0597,2018-12-04-carpentry-workshop,in person,participant
B0598,2018-09-03-carpentry-workshop,in person,participant
B0599,2018-09-03-carpentry-workshop,in person,participant
B0600,2018-11-18-BlendedLearningSIG,in person,participant
B0601,2018-02-21-ttt,in person,participant
B0601,2018-02-22-instructor-meetup,online,participant
B0601,2018-05-24-instructor-meetup,online,participant
B0601,2018-09-03-carpentry-workshop,in person,instructor
B0601,2018-12-03-community-building,in person,participant
B0602,2019-02-12-eConversation,online,participant
B0603,2018-12-04-carpentry-workshop,in person,participant
B0604,2018-09-03-carpentry-workshop,in person,instructor
B0604,2018-09-03-CarpentryConnect-ttt,in person,instructor
B0605,2018-04-06-carpentry-workshop,in person,participant
B0606,2018-09-03-carpentry-workshop,in person,participant
B0606,2018-10-01-roadshow,in person,participant
B0606,2018-12-03-community-building,in person,participant
B0606,2018-12-04-carpentry-workshop,in person,organiser
B0607,2018-11-18-BlendedLearningSIG,in person,participant
B0608,2018-12-04-carpentry-workshop,in person,instructor
B0608,2019-03-18-UKZN-ttt,in person,instructor
B0609,2018-12-04-carpentry-workshop,in person,participant
B0610,2019-03-06-imf,in person,participant
B0611,2018-09-03-carpentry-workshop,in person,participant
B0611,2018-09-03-CarpentryConnect-ttt,in person,participant
B0612,2019-03-06-imf,in person,participant
B0613,2018-11-13-carpentry-workshop,in person,participant
B0614,2018-12-04-carpentry-workshop,in person,participant
B0615,2018-02-21-ttt,in person,instructor
B0615,2018-02-22-instructor-meetup,online,participant
B0615,2018-05-24-instructor-meetup,online,participant
B0616,2019-02-28-instructor-meetup,online,presenter
B0616,2019-03-28-instructor-meetup,online,participant
B0617,2018-10-01-roadshow,in person,participant
B0618,2018-04-06-carpentry-workshop,in person,participant
B0619,2018-06-18-blended-learning-sig,in person,participant
B0620,2018-06-18-blended-learning-sig,in person,participant
B0621,2018-12-04-carpentry-workshop,in person,participant
B0622,2018-12-04-carpentry-workshop,in person,participant
B0623,2018-11-13-carpentry-workshop,in person,participant
B0624,2018-12-04-carpentry-workshop,in person,participant
B0625,2018-09-03-carpentry-workshop,in person,instructor
B0626,2019-01-15-carpentry-workshop,in person,participant
B0627,2018-07-18-carpentry-workshop,in person,participant
B0628,2018-10-01-roadshow,in person,participant
B0629,2018-10-01-roadshow,in person,participant
B0630,2018-12-04-carpentry-workshop,in person,participant
B0631,2019-01-30-carpentry-workshop,in person,participant
B0632,2018-11-18-BlendedLearningSIG,in person,participant
B0633,2019-02-12-eConversation,online,participant
B0634,2019-02-12-eConversation,online,participant
B0635,2018-12-04-carpentry-workshop,in person,participant
B0636,2018-12-04-carpentry-workshop,in person,participant
B0637,2018-03-15-carpentry-workshop,in person,helper
B0638,2019-03-18-SPU,in person,participant
B0639,2019-03-18-SPU,in person,participant
B0640,2018-10-01-roadshow,in person,participant
B0641,2018-12-04-carpentry-workshop,in person,participant
B0642,2018-10-01-roadshow,in person,participant
B0643,2019-03-18-UKZN-ttt,in person,participant
B0644,2019-01-30-carpentry-workshop,in person,participant
B0644,2019-03-18-UKZN-ttt,in person,participant
B0645,2019-03-18-SPU,in person,participant
B0646,2018-11-12-carpentry-workshop,in person,participant
B0647,2018-10-01-roadshow,in person,participant
B0648,2018-07-11-carpentry-workshop,in person,participant
B0649,2018-04-06-carpentry-workshop,in person,participant
B0650,2018-12-04-carpentry-workshop,in person,participant
B0651,2018-09-03-carpentry-workshop,in person,participant
B0651,2018-09-03-CarpentryConnect-ttt,in person,participant
B0652,2019-03-28-instructor-meetup,online,participant
B0653,2019-03-18-UKZN-ttt,in person,participant
B0654,2018-09-03-carpentry-workshop,in person,participant
B0655,2018-11-18-BlendedLearningSIG,in person,participant
B0656,2018-12-04-carpentry-workshop,in person,participant
B0657,2018-05-25-econversation,online,presenter
B0658,2018-12-04-carpentry-workshop,in person,participant
B0659,2019-03-06-imf,in person,participant
B0660,2018-04-06-carpentry-workshop,in person,participant
B0661,2018-09-03-carpentry-workshop,in person,participant
B0661,2018-10-01-roadshow,in person,participant
B0661,2019-01-30-carpentry-workshop,in person,participant
B0662,2018-11-13-carpentry-workshop,in person,participant
B0663,2018-12-04-carpentry-workshop,in person,participant
B0664,2018-12-04-carpentry-workshop,in person,participant
B0665,2018-10-01-roadshow,in person,participant
B0666,2019-03-18-SPU,in person,participant
B0667,2018-11-18-BlendedLearningSIG,in person,participant
B0668,2018-09-03-carpentry-workshop,in person,helper
B0668,2018-09-03-CarpentryConnect-ttt,in person,participant
B0668,2018-12-03-community-building,in person,participant
B0668,2018-12-04-carpentry-workshop,in person,helper
B0668,2019-01-30-carpentry-workshop,in person,instructor
B0668,2019-02-28-instructor-meetup,online,participant
B0669,2018-07-18-carpentry-workshop,in person,participant
B0670,2018-12-04-carpentry-workshop,in person,participant
B0671,2019-03-18-UKZN-ttt,in person,participant
B0672,2018-11-13-carpentry-workshop,in person,participant
B0673,2018-11-13-carpentry-workshop,in person,participant
B0674,2018-11-13-carpentry-workshop,in person,participant
B0675,2019-03-18-UKZN-ttt,in person,participant
B0676,2018-07-18-carpentry-workshop,in person,participant
B0677,2018-09-03-carpentry-workshop,in person,participant
B0678,2018-07-18-carpentry-workshop,in person,participant
B0679,2018-11-12-carpentry-workshop,in person,participant
B0680,2018-12-04-carpentry-workshop,in person,participant
B0681,2018-05-09-carpentry-workshop,in person,participant
B0682,2019-03-18-SPU,in person,participant
B0683,2018-09-03-carpentry-workshop,in person,participant
B0683,2018-09-03-CarpentryConnect-ttt,in person,participant
B0683,2018-10-01-roadshow,in person,participant
B0684,2018-12-04-carpentry-workshop,in person,participant
B0685,2018-07-11-carpentry-workshop,in person,participant
B0686,2018-06-18-blended-learning-sig,in person,participant
B0687,2018-12-04-carpentry-workshop,in person,participant
B0688,2018-10-01-roadshow,in person,participant
B0689,2018-06-18-blended-learning-sig,in person,participant
B0689,2018-11-18-BlendedLearningSIG,in person,participant
B0690,2019-03-18-UKZN-ttt,in person,participant
B0691,2018-09-03-carpentry-workshop,in person,participant
B0692,2018-03-15-carpentry-workshop,in person,participant
B0693,2018-12-03-community-building,in person,participant
B0693,2018-12-04-carpentry-workshop,in person,helper
B0694,2018-10-01-roadshow,in person,participant
B0694,2018-11-12-carpentry-workshop,in person,participant
B0695,2018-10-01-roadshow,in person,participant
B0696,2019-01-30-carpentry-workshop,in person,participant
B0697,2019-01-15-carpentry-workshop,in person,participant
B0698,2018-01-15-network-design,in person,participant
B0699,2019-03-06-imf,in person,participant
B0700,2018-11-18-BlendedLearningSIG,in person,participant
B0701,2018-10-31-carpentry-workshop,in person,participant
B0702,2018-11-18-BlendedLearningSIG,in person,participant
B0703,2018-04-06-carpentry-workshop,in person,participant
B0704,2019-01-30-carpentry-workshop,in person,participant
B0705,2019-03-18-SPU,in person,participant
B0706,2019-03-18-SPU,in person,participant
B0707,2018-09-03-carpentry-workshop,in person,participant
B0707,2018-09-03-CarpentryConnect-ttt,in person,participant
B0708,2018-10-01-roadshow,in person,participant
B0709,2019-03-12-econversation,online,presenter
B0710,2018-04-06-carpentry-workshop,in person,participant
B0711,2018-11-18-BlendedLearningSIG,in person,participant
B0712,2018-12-04-carpentry-workshop,in person,participant
B0713,2018-07-11-carpentry-workshop,in person,participant
B0713,2018-09-03-carpentry-workshop,in person,participant
B0714,2018-12-04-carpentry-workshop,in person,participant
B0715,2018-11-13-carpentry-workshop,in person,participant
B0716,2018-07-18-carpentry-workshop,in person,participant
B0717,2018-07-11-carpentry-workshop,in person,participant
B0718,2018-10-31-carpentry-workshop,in person,participant
B0719,2018-04-06-carpentry-workshop,in person,participant
B0720,2018-09-03-carpentry-workshop,in person,participant
B0721,2018-07-18-carpentry-workshop,in person,participant
B0722,2018-03-15-carpentry-workshop,in person,participant
B0723,2018-02-21-ttt,in person,participant
B0723,2018-02-22-instructor-meetup,online,participant
B0724,2018-09-03-carpentry-workshop,in person,participant
B0724,2018-09-03-CarpentryConnect-ttt,in person,participant
B0725,2018-09-03-carpentry-workshop,in person,participant
B0726,2019-02-12-eConversation,online,participant
B0727,2018-11-07-carpentry-workshop,in person,participant
B0728,2018-11-18-BlendedLearningSIG,in person,participant
B0729,2018-03-15-carpentry-workshop,in person,participant
B0730,2018-10-01-roadshow,in person,participant
B0731,2018-12-04-carpentry-workshop,in person,participant
B0732,2019-03-18-SPU,in person,participant
B0733,2018-12-04-carpentry-workshop,in person,participant
B0734,2018-06-18-blended-learning-sig,in person,participant
B0734,2018-11-18-BlendedLearningSIG,in person,participant
B0735,2019-03-06-imf,in person,participant
B0736,2018-03-20-online-mentoring,online,technical support
B0736,2018-04-20-econversation,online,technical support
B0737,2019-03-06-imf,in person,helper
B0738,2019-03-06-imf,in person,participant
B0739,2018-07-11-carpentry-workshop,in person,participant
B0740,2018-05-09-carpentry-workshop,in person,participant
B0741,2018-12-04-carpentry-workshop,in person,participant
B0742,2018-10-01-roadshow,in person,participant
B0743,2018-11-18-BlendedLearningSIG,in person,participant
B0744,2018-12-04-carpentry-workshop,in person,participant
B0745,2019-03-06-imf,in person,participant
B0746,2018-07-11-carpentry-workshop,in person,participant
B0747,2018-09-03-carpentry-workshop,in person,participant
B0747,2018-09-03-CarpentryConnect-ttt,in person,participant
B0748,2018-11-12-carpentry-workshop,in person,participant
B0749,2019-03-18-SPU,in person,participant
B0750,2018-10-31-carpentry-workshop,in person,participant
B0751,2018-03-15-carpentry-workshop,in person,participant
B0751,2018-04-06-carpentry-workshop,in person,participant
B0752,2018-10-01-roadshow,in person,participant
B0753,2019-03-18-UKZN-ttt,in person,participant
B0754,2018-11-18-BlendedLearningSIG,in person,participant
B0755,2018-12-04-carpentry-workshop,in person,participant
B0756,2018-07-11-carpentry-workshop,in person,participant
B0757,2018-07-18-carpentry-workshop,in person,participant
B0758,2018-05-24-instructor-meetup,online,participant
B0759,2018-03-20-online-mentoring,online,participant
B0759,2018-03-23-econversation,online,participant
B0760,2018-07-27-econversation,online,participant
B0761,2018-07-11-carpentry-workshop,in person,participant
B0762,2018-09-03-carpentry-workshop,in person,instructor
B0762,2018-11-07-carpentry-workshop,in person,instructor
B0762,2018-11-12-carpentry-workshop,in person,instructor
B0763,2018-12-04-carpentry-workshop,in person,participant
B0764,2018-10-01-roadshow,in person,participant
B0765,2018-01-15-network-design,in person,participant
B0766,2018-09-03-carpentry-workshop,in person,participant
B0767,2018-05-09-carpentry-workshop,in person,instructor
B0767,2018-09-03-carpentry-workshop,in person,instructor
B0767,2018-12-03-community-building,in person,participant
B0767,2018-12-04-carpentry-workshop,in person,instructor
B0767,2018-07-27-econversation,online,participant
B0767,2019-02-12-eConversation,online,participant
B0768,2018-10-01-roadshow,in person,participant
B0769,2018-09-03-carpentry-workshop,in person,participant
B0769,2018-09-03-CarpentryConnect-ttt,in person,participant
B0769,2018-11-16-wc-community,in person,participant
B0769,2019-01-15-carpentry-workshop,in person,instructor
B0769,2019-01-24-instructor-meetup,online,participant
B0769,2019-02-28-instructor-meetup,online,participant
B0770,2018-02-21-ttt,in person,participant
B0770,2018-02-22-instructor-meetup,online,participant
B0770,2018-09-03-carpentry-workshop,in person,helper
B0771,2019-01-30-carpentry-workshop,in person,participant
B0772,2018-09-03-carpentry-workshop,in person,participant
B0772,2018-09-03-CarpentryConnect-ttt,in person,participant
B0772,2018-12-03-community-building,in person,participant
B0772,2018-12-04-carpentry-workshop,in person,helper
B0772,2019-01-30-carpentry-workshop,in person,helper
B0773,2018-10-01-roadshow,in person,participant
B0774,2018-10-01-roadshow,in person,participant
B0774,2018-11-12-carpentry-workshop,in person,participant
B0774,2018-07-27-econversation,online,participant
B0775,2018-09-03-carpentry-workshop,in person,participant
